t,Vin,Vout
-2.09000E-03,-483.76563E-03,+2.73438E-03
-2.08000E-03,-484.31250E-03,+1.36719E-03
-2.07000E-03,-484.85938E-03,+3.55469E-03
-2.06000E-03,-483.76563E-03,+1.09375E-03
-2.05000E-03,-484.85938E-03,+2.46094E-03
-2.04000E-03,-483.76563E-03,+3.00781E-03
-2.03000E-03,-484.31250E-03,+1.09375E-03
-2.02000E-03,-484.85938E-03,+3.55469E-03
-2.01000E-03,-482.67188E-03,+1.36719E-03
-2.00000E-03,-484.58594E-03,+2.46094E-03
-1.99000E-03,-483.49219E-03,+3.00781E-03
-1.98000E-03,-484.31250E-03,+1.09375E-03
-1.97000E-03,-484.31250E-03,+3.82813E-03
-1.96000E-03,-484.31250E-03,+1.09375E-03
-1.95000E-03,-484.31250E-03,+2.46094E-03
-1.94000E-03,-483.49219E-03,+3.00781E-03
-1.93000E-03,-484.58594E-03,+546.88E-06
-1.92000E-03,-484.03906E-03,+3.82813E-03
-1.91000E-03,-483.21875E-03,+1.09375E-03
-1.90000E-03,-484.03906E-03,+2.18750E-03
-1.89000E-03,-482.94531E-03,+3.00781E-03
-1.88000E-03,-484.85938E-03,+273.44E-06
-1.87000E-03,-483.49219E-03,+3.82813E-03
-1.86000E-03,-485.13281E-03,+273.44E-06
-1.85000E-03,-484.58594E-03,+2.18750E-03
-1.84000E-03,-483.76563E-03,+3.28125E-03
-1.83000E-03,-484.85938E-03,+273.44E-06
-1.82000E-03,-483.76563E-03,+4.10156E-03
-1.81000E-03,-485.13281E-03,+546.88E-06
-1.80000E-03,-484.85938E-03,+2.18750E-03
-1.79000E-03,-483.76563E-03,+2.73438E-03
-1.78000E-03,-484.31250E-03,+273.44E-06
-1.77000E-03,-483.21875E-03,+3.55469E-03
-1.76000E-03,-485.13281E-03,+820.31E-06
-1.75000E-03,-484.03906E-03,+1.91406E-03
-1.74000E-03,-484.85938E-03,+2.73438E-03
-1.73000E-03,-484.03906E-03,+546.88E-06
-1.72000E-03,-484.03906E-03,+3.82813E-03
-1.71000E-03,-485.13281E-03,+1.36719E-03
-1.70000E-03,-484.58594E-03,+2.18750E-03
-1.69000E-03,-484.85938E-03,+3.55469E-03
-1.68000E-03,-484.58594E-03,+1.09375E-03
-1.67000E-03,-484.03906E-03,+4.10156E-03
-1.66000E-03,-484.85938E-03,+1.91406E-03
-1.65000E-03,-483.76563E-03,+2.46094E-03
-1.64000E-03,-485.13281E-03,+3.28125E-03
-1.63000E-03,-483.49219E-03,+1.36719E-03
-1.62000E-03,-484.31250E-03,+4.10156E-03
-1.61000E-03,-484.31250E-03,+1.91406E-03
-1.60000E-03,-484.03906E-03,+2.18750E-03
-1.59000E-03,-485.13281E-03,+3.55469E-03
-1.58000E-03,-483.21875E-03,+1.09375E-03
-1.57000E-03,-484.03906E-03,+3.82813E-03
-1.56000E-03,-483.49219E-03,+2.18750E-03
-1.55000E-03,-484.03906E-03,+2.18750E-03
-1.54000E-03,-484.58594E-03,+3.82813E-03
-1.53000E-03,-483.21875E-03,+1.36719E-03
-1.52000E-03,-484.03906E-03,+3.55469E-03
-1.51000E-03,-483.49219E-03,+2.73438E-03
-1.50000E-03,-484.03906E-03,+1.91406E-03
-1.49000E-03,-484.85938E-03,+3.55469E-03
-1.48000E-03,-483.21875E-03,+1.36719E-03
-1.47000E-03,-483.21875E-03,+3.55469E-03
-1.46000E-03,-482.94531E-03,+2.73438E-03
-1.45000E-03,-483.76563E-03,+1.64063E-03
-1.44000E-03,-483.49219E-03,+3.82813E-03
-1.43000E-03,-482.94531E-03,+546.88E-06
-1.42000E-03,-483.49219E-03,+3.00781E-03
-1.41000E-03,-482.12500E-03,+2.18750E-03
-1.40000E-03,-484.31250E-03,+820.31E-06
-1.39000E-03,-483.21875E-03,+3.82813E-03
-1.38000E-03,-483.49219E-03,+546.88E-06
-1.37000E-03,-483.76563E-03,+2.46094E-03
-1.36000E-03,-482.12500E-03,+2.18750E-03
-1.35000E-03,-483.21875E-03,+273.44E-06
-1.34000E-03,-482.94531E-03,+3.55469E-03
-1.33000E-03,-483.49219E-03,+0.0E+00
-1.32000E-03,-482.94531E-03,+2.73438E-03
-1.31000E-03,-482.67188E-03,+2.18750E-03
-1.30000E-03,-483.49219E-03,+546.88E-06
-1.29000E-03,-482.94531E-03,+3.55469E-03
-1.28000E-03,-483.49219E-03,+0.0E+00
-1.27000E-03,-482.67188E-03,+2.73438E-03
-1.26000E-03,-482.67188E-03,+1.91406E-03
-1.25000E-03,-483.49219E-03,+0.0E+00
-1.24000E-03,-482.67188E-03,+3.28125E-03
-1.23000E-03,-483.76563E-03,-273.44E-06
-1.22000E-03,-482.94531E-03,+2.73438E-03
-1.21000E-03,-483.49219E-03,+1.64063E-03
-1.20000E-03,-482.94531E-03,+820.31E-06
-1.19000E-03,-482.67188E-03,+3.55469E-03
-1.18000E-03,-483.76563E-03,+273.44E-06
-1.17000E-03,-483.21875E-03,+3.00781E-03
-1.16000E-03,-484.03906E-03,+2.18750E-03
-1.15000E-03,-482.67188E-03,+1.09375E-03
-1.14000E-03,-482.94531E-03,+3.82813E-03
-1.13000E-03,-483.49219E-03,+546.88E-06
-1.12000E-03,-483.21875E-03,+2.73438E-03
-1.11000E-03,-483.21875E-03,+2.18750E-03
-1.10000E-03,-482.94531E-03,+546.88E-06
-1.09000E-03,-482.39844E-03,+3.28125E-03
-1.08000E-03,-484.31250E-03,+0.0E+00
-1.07000E-03,-482.67188E-03,+2.46094E-03
-1.06000E-03,-484.03906E-03,+1.36719E-03
-1.05000E-03,-481.57813E-03,+273.44E-06
-1.04000E-03,-482.94531E-03,+2.18750E-03
-1.03000E-03,-482.67188E-03,-820.31E-06
-1.02000E-03,-483.76563E-03,+1.09375E-03
-1.01000E-03,-483.21875E-03,+546.88E-06
-1.00000E-03,-482.39844E-03,+0.0E+00
-990.00E-06,-482.94531E-03,+1.91406E-03
-980.00E-06,-482.67188E-03,-546.88E-06
-970.00E-06,-482.94531E-03,+2.18750E-03
-960.00E-06,-483.76563E-03,+820.31E-06
-950.00E-06,-482.12500E-03,+820.31E-06
-940.00E-06,-483.76563E-03,+2.46094E-03
-930.00E-06,-483.21875E-03,-546.88E-06
-920.00E-06,-484.31250E-03,+1.64063E-03
-910.00E-06,-483.49219E-03,+820.31E-06
-900.00E-06,-483.21875E-03,+546.88E-06
-890.00E-06,-483.49219E-03,+2.18750E-03
-880.00E-06,-484.03906E-03,-273.44E-06
-870.00E-06,-484.85938E-03,+1.64063E-03
-860.00E-06,-484.03906E-03,+820.31E-06
-850.00E-06,-483.49219E-03,+546.88E-06
-840.00E-06,-483.49219E-03,+2.46094E-03
-830.00E-06,-482.39844E-03,-273.44E-06
-820.00E-06,-484.03906E-03,+1.91406E-03
-810.00E-06,-482.67188E-03,+1.36719E-03
-800.00E-06,-483.21875E-03,+546.88E-06
-790.00E-06,-482.94531E-03,+3.00781E-03
-780.00E-06,-482.94531E-03,+273.44E-06
-770.00E-06,-484.03906E-03,+2.46094E-03
-760.00E-06,-482.67188E-03,+1.64063E-03
-750.00E-06,-483.49219E-03,+1.09375E-03
-740.00E-06,-482.12500E-03,+3.00781E-03
-730.00E-06,-482.39844E-03,+273.44E-06
-720.00E-06,-483.21875E-03,+2.73438E-03
-710.00E-06,-481.85156E-03,+1.64063E-03
-700.00E-06,-483.21875E-03,+1.64063E-03
-690.00E-06,-482.67188E-03,+3.82813E-03
-680.00E-06,-483.21875E-03,+546.88E-06
-670.00E-06,-483.49219E-03,+3.28125E-03
-660.00E-06,-482.39844E-03,+1.91406E-03
-650.00E-06,-483.21875E-03,+1.91406E-03
-640.00E-06,-482.12500E-03,+4.10156E-03
-630.00E-06,-483.21875E-03,+546.88E-06
-620.00E-06,-482.12500E-03,+3.00781E-03
-610.00E-06,-481.85156E-03,+1.64063E-03
-600.00E-06,-482.39844E-03,+1.36719E-03
-590.00E-06,-481.85156E-03,+3.55469E-03
-580.00E-06,-482.94531E-03,+0.0E+00
-570.00E-06,-482.12500E-03,+3.82813E-03
-560.00E-06,-481.57813E-03,+1.09375E-03
-550.00E-06,-481.85156E-03,+1.91406E-03
-540.00E-06,-481.03125E-03,+3.28125E-03
-530.00E-06,-482.94531E-03,+273.44E-06
-520.00E-06,-481.30469E-03,+3.82813E-03
-510.00E-06,-482.67188E-03,+1.09375E-03
-500.00E-06,-481.85156E-03,+2.46094E-03
-490.00E-06,-482.39844E-03,+3.00781E-03
-480.00E-06,-482.67188E-03,+273.44E-06
-470.00E-06,-481.85156E-03,+4.10156E-03
-460.00E-06,-481.85156E-03,+1.09375E-03
-450.00E-06,-481.57813E-03,+2.73438E-03
-440.00E-06,-481.57813E-03,+3.55469E-03
-430.00E-06,-482.39844E-03,+820.31E-06
-420.00E-06,-480.75781E-03,+4.37500E-03
-410.00E-06,-481.57813E-03,+1.09375E-03
-400.00E-06,-481.30469E-03,+3.00781E-03
-390.00E-06,-482.39844E-03,+3.55469E-03
-380.00E-06,-482.67188E-03,+1.36719E-03
-370.00E-06,-481.30469E-03,+4.37500E-03
-360.00E-06,-482.67188E-03,+1.91406E-03
-350.00E-06,-480.75781E-03,+3.00781E-03
-340.00E-06,-482.39844E-03,+3.82813E-03
-330.00E-06,-481.57813E-03,+1.36719E-03
-320.00E-06,-481.57813E-03,+4.37500E-03
-310.00E-06,-481.57813E-03,+2.18750E-03
-300.00E-06,-480.75781E-03,+2.73438E-03
-290.00E-06,-483.21875E-03,+3.28125E-03
-280.00E-06,-481.85156E-03,+1.64063E-03
-270.00E-06,-482.12500E-03,+4.10156E-03
-260.00E-06,-481.85156E-03,+1.36719E-03
-250.00E-06,-481.85156E-03,+2.73438E-03
-240.00E-06,-482.12500E-03,+3.55469E-03
-230.00E-06,-481.03125E-03,+1.36719E-03
-220.00E-06,-481.85156E-03,+3.55469E-03
-210.00E-06,-481.30469E-03,+1.64063E-03
-200.00E-06,-481.30469E-03,+2.18750E-03
-190.00E-06,-482.12500E-03,+3.00781E-03
-180.00E-06,-480.75781E-03,+1.36719E-03
-170.00E-06,-481.85156E-03,+3.82813E-03
-160.00E-06,-481.03125E-03,+2.18750E-03
-150.00E-06,-481.57813E-03,+2.73438E-03
-140.00E-06,-482.12500E-03,+3.28125E-03
-130.00E-06,-480.48438E-03,+1.09375E-03
-120.00E-06,-482.39844E-03,+3.82813E-03
-110.00E-06,-480.48438E-03,+1.64063E-03
-100.00E-06,-482.12500E-03,+2.18750E-03
-90.00E-06,-481.57813E-03,+3.00781E-03
-80.00E-06,-481.03125E-03,+1.09375E-03
-70.00E-06,-481.57813E-03,+3.82813E-03
-60.00E-06,-480.75781E-03,+1.64063E-03
-50.00E-06,-481.57813E-03,+2.46094E-03
-40.00E-06,-481.03125E-03,+3.55469E-03
-30.00E-06,-481.57813E-03,+1.36719E-03
-20.00E-06,-481.57813E-03,+4.10156E-03
-10.00E-06,-481.03125E-03,+1.91406E-03
+0.0E+00,+482.28906E-03,+35.54688E-03
+10.00E-06,+491.03906E-03,+101.71875E-03
+20.00E-06,+490.76563E-03,+159.96094E-03
+30.00E-06,+492.67969E-03,+218.47656E-03
+40.00E-06,+492.40625E-03,+267.69531E-03
+50.00E-06,+492.13281E-03,+307.89063E-03
+60.00E-06,+493.22656E-03,+343.98438E-03
+70.00E-06,+493.22656E-03,+368.04688E-03
+80.00E-06,+494.32031E-03,+383.08594E-03
+90.00E-06,+493.77344E-03,+394.57031E-03
+100.00E-06,+492.95313E-03,+399.49219E-03
+110.00E-06,+494.86719E-03,+396.48438E-03
+120.00E-06,+493.50000E-03,+389.64844E-03
+130.00E-06,+495.14063E-03,+379.53125E-03
+140.00E-06,+493.77344E-03,+359.29688E-03
+150.00E-06,+493.50000E-03,+335.50781E-03
+160.00E-06,+494.32031E-03,+307.34375E-03
+170.00E-06,+493.50000E-03,+267.42188E-03
+180.00E-06,+494.86719E-03,+228.59375E-03
+190.00E-06,+493.22656E-03,+185.93750E-03
+200.00E-06,+494.32031E-03,+138.35938E-03
+210.00E-06,+493.50000E-03,+95.42969E-03
+220.00E-06,+493.22656E-03,+46.21094E-03
+230.00E-06,+494.32031E-03,+3.55469E-03
+240.00E-06,+493.50000E-03,-42.10938E-03
+250.00E-06,+494.32031E-03,-82.03125E-03
+260.00E-06,+493.22656E-03,-121.13281E-03
+270.00E-06,+492.95313E-03,-156.40625E-03
+280.00E-06,+492.67969E-03,-186.75781E-03
+290.00E-06,+492.67969E-03,-213.28125E-03
+300.00E-06,+493.50000E-03,-234.88281E-03
+310.00E-06,+492.67969E-03,-251.28906E-03
+320.00E-06,+492.40625E-03,-263.86719E-03
+330.00E-06,+491.85938E-03,-269.06250E-03
+340.00E-06,+491.58594E-03,-272.07031E-03
+350.00E-06,+493.22656E-03,-265.78125E-03
+360.00E-06,+492.40625E-03,-260.31250E-03
+370.00E-06,+492.40625E-03,-245.00000E-03
+380.00E-06,+491.58594E-03,-230.78125E-03
+390.00E-06,+491.58594E-03,-208.35938E-03
+400.00E-06,+492.67969E-03,-187.30469E-03
+410.00E-06,+492.40625E-03,-159.96094E-03
+420.00E-06,+492.40625E-03,-133.43750E-03
+430.00E-06,+491.85938E-03,-103.35938E-03
+440.00E-06,+491.85938E-03,-73.00781E-03
+450.00E-06,+492.95313E-03,-43.20313E-03
+460.00E-06,+491.58594E-03,-11.75781E-03
+470.00E-06,+492.40625E-03,+15.85938E-03
+480.00E-06,+491.58594E-03,+46.21094E-03
+490.00E-06,+492.40625E-03,+71.09375E-03
+500.00E-06,+492.95313E-03,+95.70313E-03
+510.00E-06,+492.40625E-03,+118.39844E-03
+520.00E-06,+492.95313E-03,+135.07813E-03
+530.00E-06,+491.85938E-03,+152.85156E-03
+540.00E-06,+493.22656E-03,+165.15625E-03
+550.00E-06,+492.40625E-03,+172.53906E-03
+560.00E-06,+492.95313E-03,+181.28906E-03
+570.00E-06,+493.22656E-03,+181.83594E-03
+580.00E-06,+491.31250E-03,+181.56250E-03
+590.00E-06,+492.67969E-03,+179.64844E-03
+600.00E-06,+492.13281E-03,+169.25781E-03
+610.00E-06,+492.95313E-03,+162.69531E-03
+620.00E-06,+492.13281E-03,+149.02344E-03
+630.00E-06,+491.31250E-03,+133.16406E-03
+640.00E-06,+492.13281E-03,+120.03906E-03
+650.00E-06,+491.58594E-03,+98.71094E-03
+660.00E-06,+492.13281E-03,+83.12500E-03
+670.00E-06,+492.13281E-03,+61.52344E-03
+680.00E-06,+490.76563E-03,+41.28906E-03
+690.00E-06,+492.67969E-03,+22.96875E-03
+700.00E-06,+490.76563E-03,-0.0E+00
+710.00E-06,+492.67969E-03,-15.03906E-03
+720.00E-06,+490.76563E-03,-37.46094E-03
+730.00E-06,+492.13281E-03,-50.03906E-03
+740.00E-06,+490.49219E-03,-68.08594E-03
+750.00E-06,+490.49219E-03,-80.11719E-03
+760.00E-06,+491.58594E-03,-92.42188E-03
+770.00E-06,+490.49219E-03,-101.71875E-03
+780.00E-06,+491.31250E-03,-108.82813E-03
+790.00E-06,+491.03906E-03,-114.84375E-03
+800.00E-06,+490.21875E-03,-116.21094E-03
+810.00E-06,+491.31250E-03,-118.12500E-03
+820.00E-06,+489.94531E-03,-115.39063E-03
+830.00E-06,+491.31250E-03,-113.75000E-03
+840.00E-06,+490.49219E-03,-106.09375E-03
+850.00E-06,+490.76563E-03,-101.44531E-03
+860.00E-06,+491.03906E-03,-89.14063E-03
+870.00E-06,+490.49219E-03,-82.85156E-03
+880.00E-06,+491.31250E-03,-68.08594E-03
+890.00E-06,+490.21875E-03,-58.24219E-03
+900.00E-06,+490.21875E-03,-44.29688E-03
+910.00E-06,+490.76563E-03,-30.07813E-03
+920.00E-06,+489.67188E-03,-19.68750E-03
+930.00E-06,+490.76563E-03,-2.46094E-03
+940.00E-06,+488.85156E-03,+6.01563E-03
+950.00E-06,+491.31250E-03,+21.87500E-03
+960.00E-06,+488.85156E-03,+31.71875E-03
+970.00E-06,+490.21875E-03,+41.83594E-03
+980.00E-06,+491.03906E-03,+53.32031E-03
+990.00E-06,+489.39844E-03,+57.96875E-03
+1.00000E-03,+490.21875E-03,+68.35938E-03
+1.01000E-03,+489.12500E-03,+71.09375E-03
+1.02000E-03,+489.94531E-03,+76.28906E-03
+1.03000E-03,+490.49219E-03,+80.11719E-03
+1.04000E-03,+489.67188E-03,+78.47656E-03
+1.05000E-03,+490.21875E-03,+81.48438E-03
+1.06000E-03,+488.57813E-03,+76.28906E-03
+1.07000E-03,+490.21875E-03,+74.92188E-03
+1.08000E-03,+490.49219E-03,+71.36719E-03
+1.09000E-03,+490.76563E-03,+63.43750E-03
+1.10000E-03,+491.03906E-03,+60.70313E-03
+1.11000E-03,+489.67188E-03,+50.31250E-03
+1.12000E-03,+490.21875E-03,+44.57031E-03
+1.13000E-03,+490.49219E-03,+35.54688E-03
+1.14000E-03,+489.94531E-03,+25.42969E-03
+1.15000E-03,+491.03906E-03,+19.96094E-03
+1.16000E-03,+489.12500E-03,+7.92969E-03
+1.17000E-03,+489.67188E-03,+3.00781E-03
+1.18000E-03,+489.67188E-03,-8.47656E-03
+1.19000E-03,+490.49219E-03,-13.39844E-03
+1.20000E-03,+489.67188E-03,-22.14844E-03
+1.21000E-03,+489.67188E-03,-29.53125E-03
+1.22000E-03,+489.94531E-03,-32.81250E-03
+1.23000E-03,+489.67188E-03,-41.28906E-03
+1.24000E-03,+490.49219E-03,-41.56250E-03
+1.25000E-03,+490.21875E-03,-48.39844E-03
+1.26000E-03,+489.39844E-03,-47.30469E-03
+1.27000E-03,+490.49219E-03,-50.58594E-03
+1.28000E-03,+489.39844E-03,-49.76563E-03
+1.29000E-03,+491.31250E-03,-49.21875E-03
+1.30000E-03,+489.12500E-03,-49.21875E-03
+1.31000E-03,+490.21875E-03,-44.02344E-03
+1.32000E-03,+489.67188E-03,-43.75000E-03
+1.33000E-03,+490.49219E-03,-36.91406E-03
+1.34000E-03,+490.76563E-03,-35.27344E-03
+1.35000E-03,+489.67188E-03,-27.61719E-03
+1.36000E-03,+490.21875E-03,-24.60938E-03
+1.37000E-03,+489.39844E-03,-18.04688E-03
+1.38000E-03,+490.21875E-03,-12.30469E-03
+1.39000E-03,+489.39844E-03,-7.10938E-03
+1.40000E-03,+488.85156E-03,+0.0E+00
+1.41000E-03,+489.67188E-03,+3.55469E-03
+1.42000E-03,+488.85156E-03,+11.21094E-03
+1.43000E-03,+489.94531E-03,+13.67188E-03
+1.44000E-03,+489.67188E-03,+20.23438E-03
+1.45000E-03,+489.67188E-03,+23.24219E-03
+1.46000E-03,+490.76563E-03,+26.25000E-03
+1.47000E-03,+489.67188E-03,+31.17188E-03
+1.48000E-03,+491.03906E-03,+31.17188E-03
+1.49000E-03,+489.39844E-03,+35.27344E-03
+1.50000E-03,+489.94531E-03,+34.72656E-03
+1.51000E-03,+491.03906E-03,+36.09375E-03
+1.52000E-03,+490.49219E-03,+36.36719E-03
+1.53000E-03,+491.85938E-03,+34.17969E-03
+1.54000E-03,+490.21875E-03,+35.27344E-03
+1.55000E-03,+490.21875E-03,+30.62500E-03
+1.56000E-03,+491.31250E-03,+30.89844E-03
+1.57000E-03,+490.76563E-03,+27.07031E-03
+1.58000E-03,+490.49219E-03,+23.78906E-03
+1.59000E-03,+489.67188E-03,+21.32813E-03
+1.60000E-03,+489.94531E-03,+15.31250E-03
+1.61000E-03,+490.76563E-03,+15.03906E-03
+1.62000E-03,+491.03906E-03,+8.75000E-03
+1.63000E-03,+491.03906E-03,+6.28906E-03
+1.64000E-03,+489.39844E-03,+2.18750E-03
+1.65000E-03,+490.76563E-03,-2.46094E-03
+1.66000E-03,+490.21875E-03,-4.10156E-03
+1.67000E-03,+491.31250E-03,-9.84375E-03
+1.68000E-03,+490.21875E-03,-9.02344E-03
+1.69000E-03,+489.39844E-03,-14.76563E-03
+1.70000E-03,+489.94531E-03,-15.03906E-03
+1.71000E-03,+490.21875E-03,-17.77344E-03
+1.72000E-03,+491.03906E-03,-19.41406E-03
+1.73000E-03,+489.94531E-03,-18.86719E-03
+1.74000E-03,+489.39844E-03,-22.42188E-03
+1.75000E-03,+489.94531E-03,-18.59375E-03
+1.76000E-03,+489.39844E-03,-22.14844E-03
+1.77000E-03,+491.03906E-03,-18.32031E-03
+1.78000E-03,+489.12500E-03,-18.59375E-03
+1.79000E-03,+489.39844E-03,-17.50000E-03
+1.80000E-03,+489.67188E-03,-14.21875E-03
+1.81000E-03,+488.85156E-03,-15.03906E-03
+1.82000E-03,+490.21875E-03,-9.02344E-03
+1.83000E-03,+488.85156E-03,-10.39063E-03
+1.84000E-03,+489.94531E-03,-4.92188E-03
+1.85000E-03,+489.39844E-03,-4.10156E-03
+1.86000E-03,+489.67188E-03,-1.64063E-03
+1.87000E-03,+489.94531E-03,+2.46094E-03
+1.88000E-03,+488.85156E-03,+1.64063E-03
+1.89000E-03,+489.94531E-03,+7.65625E-03
+1.90000E-03,+489.39844E-03,+6.28906E-03
+1.91000E-03,+489.67188E-03,+11.48438E-03
+1.92000E-03,+489.67188E-03,+11.75781E-03
+1.93000E-03,+488.57813E-03,+12.85156E-03
+1.94000E-03,+489.67188E-03,+16.13281E-03
+1.95000E-03,+488.85156E-03,+14.21875E-03
+1.96000E-03,+489.12500E-03,+18.59375E-03
+1.97000E-03,+488.85156E-03,+15.85938E-03
+1.98000E-03,+488.57813E-03,+17.77344E-03
+1.99000E-03,+489.94531E-03,+16.95313E-03
+2.00000E-03,+489.12500E-03,+15.58594E-03
+2.01000E-03,+489.94531E-03,+17.50000E-03
+2.02000E-03,+488.85156E-03,+13.94531E-03
+2.03000E-03,+489.94531E-03,+15.85938E-03
+2.04000E-03,+489.39844E-03,+12.57813E-03
+2.05000E-03,+489.39844E-03,+12.03125E-03
+2.06000E-03,+489.67188E-03,+10.93750E-03
+2.07000E-03,+488.57813E-03,+7.38281E-03
+2.08000E-03,+489.39844E-03,+9.29688E-03
+2.09000E-03,+490.21875E-03,+4.10156E-03
+2.10000E-03,+489.67188E-03,+4.92188E-03
+2.11000E-03,+490.21875E-03,+1.64063E-03
+2.12000E-03,+488.85156E-03,+546.88E-06
+2.13000E-03,+489.39844E-03,+820.31E-06
+2.14000E-03,+489.67188E-03,-3.00781E-03
+2.15000E-03,+489.12500E-03,-1.64063E-03
+2.16000E-03,+489.67188E-03,-5.46875E-03
+2.17000E-03,+487.75781E-03,-4.37500E-03
+2.18000E-03,+489.67188E-03,-6.28906E-03
+2.19000E-03,+488.85156E-03,-6.83594E-03
+2.20000E-03,+489.94531E-03,-5.74219E-03
+2.21000E-03,+489.12500E-03,-8.75000E-03
+2.22000E-03,+488.57813E-03,-6.56250E-03
+2.23000E-03,+489.39844E-03,-9.02344E-03
+2.24000E-03,+488.57813E-03,-6.83594E-03
+2.25000E-03,+489.39844E-03,-7.10938E-03
+2.26000E-03,+488.30469E-03,-7.38281E-03
+2.27000E-03,+488.30469E-03,-4.92188E-03
+2.28000E-03,+489.94531E-03,-6.01563E-03
+2.29000E-03,+488.85156E-03,-2.73438E-03
+2.30000E-03,+489.94531E-03,-3.82813E-03
+2.31000E-03,+488.85156E-03,-820.31E-06
+2.32000E-03,+488.85156E-03,-1.09375E-03
+2.33000E-03,+489.67188E-03,+0.0E+00
+2.34000E-03,+488.30469E-03,+2.18750E-03
+2.35000E-03,+489.39844E-03,+1.36719E-03
+2.36000E-03,+488.03125E-03,+4.64844E-03
+2.37000E-03,+488.57813E-03,+3.00781E-03
+2.38000E-03,+488.85156E-03,+6.28906E-03
+2.39000E-03,+488.57813E-03,+5.46875E-03
+2.40000E-03,+489.67188E-03,+6.56250E-03
+2.41000E-03,+488.30469E-03,+7.92969E-03
+2.42000E-03,+489.12500E-03,+6.28906E-03
+2.43000E-03,+488.85156E-03,+9.57031E-03
+2.44000E-03,+488.57813E-03,+6.83594E-03
+2.45000E-03,+488.57813E-03,+9.84375E-03
+2.46000E-03,+488.30469E-03,+7.10938E-03
+2.47000E-03,+489.12500E-03,+7.92969E-03
+2.48000E-03,+488.03125E-03,+7.92969E-03
+2.49000E-03,+489.12500E-03,+6.01563E-03
+2.50000E-03,+488.03125E-03,+8.20313E-03
+2.51000E-03,+488.30469E-03,+4.10156E-03
+2.52000E-03,+489.12500E-03,+7.10938E-03
+2.53000E-03,+487.75781E-03,+3.28125E-03
+2.54000E-03,+488.30469E-03,+4.37500E-03
+2.55000E-03,+488.03125E-03,+3.82813E-03
+2.56000E-03,+488.57813E-03,+1.64063E-03
+2.57000E-03,+489.94531E-03,+3.82813E-03
+2.58000E-03,+487.48438E-03,-546.88E-06
+2.59000E-03,+489.12500E-03,+2.73438E-03
+2.60000E-03,+487.75781E-03,-1.09375E-03
+2.61000E-03,+488.85156E-03,+273.44E-06
+2.62000E-03,+488.85156E-03,-273.44E-06
+2.63000E-03,+488.03125E-03,-2.73438E-03
+2.64000E-03,+488.03125E-03,-273.44E-06
+2.65000E-03,+487.48438E-03,-4.37500E-03
+2.66000E-03,+489.12500E-03,-1.09375E-03
+2.67000E-03,+488.85156E-03,-4.10156E-03
+2.68000E-03,+488.57813E-03,-1.91406E-03
+2.69000E-03,+489.12500E-03,-2.46094E-03
+2.70000E-03,+487.21094E-03,-3.55469E-03
+2.71000E-03,+489.12500E-03,-820.31E-06
+2.72000E-03,+487.75781E-03,-3.82813E-03
+2.73000E-03,+488.03125E-03,+273.44E-06
+2.74000E-03,+487.48438E-03,-2.46094E-03
+2.75000E-03,+487.48438E-03,+273.44E-06
+2.76000E-03,+488.57813E-03,-546.88E-06
+2.77000E-03,+487.21094E-03,-273.44E-06
+2.78000E-03,+488.03125E-03,+1.64063E-03
+2.79000E-03,+488.30469E-03,-546.88E-06
+2.80000E-03,+487.75781E-03,+2.73438E-03
+2.81000E-03,+488.85156E-03,+546.88E-06
+2.82000E-03,+487.48438E-03,+3.28125E-03
+2.83000E-03,+488.57813E-03,+1.64063E-03
+2.84000E-03,+487.21094E-03,+3.00781E-03
+2.85000E-03,+488.03125E-03,+3.82813E-03
+2.86000E-03,+488.03125E-03,+2.18750E-03
+2.87000E-03,+487.48438E-03,+4.64844E-03
+2.88000E-03,+488.57813E-03,+2.46094E-03
+2.89000E-03,+486.39063E-03,+4.92188E-03
+2.90000E-03,+488.03125E-03,+3.00781E-03
+2.91000E-03,+487.21094E-03,+4.64844E-03
+2.92000E-03,+487.21094E-03,+4.10156E-03
+2.93000E-03,+487.75781E-03,+3.55469E-03
+2.94000E-03,+486.66406E-03,+4.92188E-03
+2.95000E-03,+487.75781E-03,+2.46094E-03
+2.96000E-03,+487.21094E-03,+5.46875E-03
+2.97000E-03,+487.21094E-03,+2.18750E-03
+2.98000E-03,+488.30469E-03,+4.64844E-03
+2.99000E-03,+487.21094E-03,+3.00781E-03
+3.00000E-03,+488.03125E-03,+2.73438E-03
+3.01000E-03,+486.93750E-03,+3.82813E-03
+3.02000E-03,+488.03125E-03,+1.09375E-03
+3.03000E-03,+488.57813E-03,+3.55469E-03
+3.04000E-03,+487.75781E-03,+0.0E+00
+3.05000E-03,+488.85156E-03,+3.00781E-03
+3.06000E-03,+487.21094E-03,+546.88E-06
+3.07000E-03,+488.57813E-03,+1.09375E-03
+3.08000E-03,+487.48438E-03,+1.91406E-03
+3.09000E-03,+487.75781E-03,-546.88E-06
+3.10000E-03,+488.30469E-03,+2.18750E-03
+3.11000E-03,+487.75781E-03,-1.64063E-03
+3.12000E-03,+488.85156E-03,+1.91406E-03
+3.13000E-03,+487.21094E-03,-820.31E-06
+3.14000E-03,+488.85156E-03,+546.88E-06
+3.15000E-03,+488.30469E-03,+820.31E-06
+3.16000E-03,+488.03125E-03,-1.36719E-03
+3.17000E-03,+488.85156E-03,+1.64063E-03
+3.18000E-03,+486.93750E-03,-2.46094E-03
+3.19000E-03,+488.30469E-03,+1.64063E-03
+3.20000E-03,+488.85156E-03,-1.36719E-03
+3.21000E-03,+487.75781E-03,+546.88E-06
+3.22000E-03,+488.57813E-03,+546.88E-06
+3.23000E-03,+486.93750E-03,-546.88E-06
+3.24000E-03,+488.57813E-03,+2.46094E-03
+3.25000E-03,+487.48438E-03,-820.31E-06
+3.26000E-03,+488.03125E-03,+2.73438E-03
+3.27000E-03,+487.48438E-03,+0.0E+00
+3.28000E-03,+486.93750E-03,+2.46094E-03
+3.29000E-03,+488.30469E-03,+2.46094E-03
+3.30000E-03,+488.03125E-03,+1.64063E-03
+3.31000E-03,+488.57813E-03,+4.10156E-03
+3.32000E-03,+487.75781E-03,+1.09375E-03
+3.33000E-03,+486.93750E-03,+4.10156E-03
+3.34000E-03,+488.03125E-03,+1.64063E-03
+3.35000E-03,+486.93750E-03,+3.55469E-03
+3.36000E-03,+488.03125E-03,+3.00781E-03
+3.37000E-03,+486.93750E-03,+3.00781E-03
+3.38000E-03,+486.93750E-03,+4.10156E-03
+3.39000E-03,+487.48438E-03,+2.18750E-03
+3.40000E-03,+487.48438E-03,+4.64844E-03
+3.41000E-03,+487.48438E-03,+2.18750E-03
+3.42000E-03,+486.66406E-03,+4.37500E-03
+3.43000E-03,+486.66406E-03,+2.73438E-03
+3.44000E-03,+487.48438E-03,+3.28125E-03
+3.45000E-03,+486.93750E-03,+2.73438E-03
+3.46000E-03,+488.30469E-03,+1.91406E-03
+3.47000E-03,+486.11719E-03,+3.28125E-03
+3.48000E-03,+487.75781E-03,+1.09375E-03
+3.49000E-03,+487.48438E-03,+4.37500E-03
+3.50000E-03,+487.48438E-03,+1.64063E-03
+3.51000E-03,+488.03125E-03,+3.82813E-03
+3.52000E-03,+486.93750E-03,+2.18750E-03
+3.53000E-03,+488.30469E-03,+1.64063E-03
+3.54000E-03,+487.48438E-03,+3.28125E-03
+3.55000E-03,+488.03125E-03,+820.31E-06
+3.56000E-03,+487.21094E-03,+3.82813E-03
+3.57000E-03,+486.11719E-03,+0.0E+00
+3.58000E-03,+487.21094E-03,+3.28125E-03
+3.59000E-03,+486.39063E-03,+1.36719E-03
+3.60000E-03,+487.75781E-03,+2.18750E-03
+3.61000E-03,+487.21094E-03,+3.00781E-03
+3.62000E-03,+486.93750E-03,+273.44E-06
+3.63000E-03,+487.75781E-03,+3.55469E-03
+3.64000E-03,+486.66406E-03,-273.44E-06
+3.65000E-03,+487.75781E-03,+2.73438E-03
+3.66000E-03,+486.66406E-03,+546.88E-06
+3.67000E-03,+487.75781E-03,+1.64063E-03
+3.68000E-03,+486.93750E-03,+2.46094E-03
+3.69000E-03,+487.48438E-03,+273.44E-06
+3.70000E-03,+488.30469E-03,+3.55469E-03
+3.71000E-03,+487.48438E-03,+273.44E-06
+3.72000E-03,+488.30469E-03,+3.28125E-03
+3.73000E-03,+487.75781E-03,+1.09375E-03
+3.74000E-03,+488.30469E-03,+2.46094E-03
+3.75000E-03,+487.75781E-03,+3.28125E-03
+3.76000E-03,+487.21094E-03,+1.09375E-03
+3.77000E-03,+488.03125E-03,+4.64844E-03
+3.78000E-03,+487.75781E-03,+820.31E-06
+3.79000E-03,+487.75781E-03,+4.64844E-03
+3.80000E-03,+486.93750E-03,+2.18750E-03
+3.81000E-03,+486.93750E-03,+3.28125E-03
+3.82000E-03,+487.48438E-03,+4.37500E-03
+3.83000E-03,+487.48438E-03,+2.46094E-03
+3.84000E-03,+488.03125E-03,+5.46875E-03
+3.85000E-03,+487.21094E-03,+2.18750E-03
+3.86000E-03,+486.66406E-03,+4.92188E-03
+3.87000E-03,+488.03125E-03,+2.73438E-03
+3.88000E-03,+487.21094E-03,+4.10156E-03
+3.89000E-03,+487.48438E-03,+3.55469E-03
+3.90000E-03,+487.48438E-03,+2.18750E-03
+3.91000E-03,+486.39063E-03,+4.37500E-03
+3.92000E-03,+488.03125E-03,+1.36719E-03
+3.93000E-03,+486.66406E-03,+3.82813E-03
+3.94000E-03,+488.57813E-03,+2.18750E-03
+3.95000E-03,+486.39063E-03,+3.00781E-03
+3.96000E-03,+487.21094E-03,+3.28125E-03
+3.97000E-03,+487.48438E-03,+1.91406E-03
+3.98000E-03,+487.21094E-03,+4.10156E-03
+3.99000E-03,+487.75781E-03,+1.64063E-03
+4.00000E-03,+486.11719E-03,+4.10156E-03
+4.01000E-03,+487.21094E-03,+1.36719E-03
+4.02000E-03,+486.66406E-03,+3.28125E-03
+4.03000E-03,+486.66406E-03,+2.18750E-03
+4.04000E-03,+487.75781E-03,+2.18750E-03
+4.05000E-03,+486.11719E-03,+3.28125E-03
+4.06000E-03,+487.75781E-03,+820.31E-06
+4.07000E-03,+486.66406E-03,+3.28125E-03
+4.08000E-03,+487.48438E-03,+820.31E-06
+4.09000E-03,+486.66406E-03,+3.55469E-03
+4.10000E-03,+486.39063E-03,+1.09375E-03
+4.11000E-03,+486.66406E-03,+2.73438E-03
+4.12000E-03,+486.39063E-03,+2.73438E-03
+4.13000E-03,+486.93750E-03,+1.36719E-03
+4.14000E-03,+486.11719E-03,+3.55469E-03
+4.15000E-03,+486.39063E-03,+546.88E-06
+4.16000E-03,+486.66406E-03,+4.10156E-03
+4.17000E-03,+486.11719E-03,+546.88E-06
+4.18000E-03,+486.66406E-03,+3.00781E-03
+4.19000E-03,+486.11719E-03,+2.18750E-03
+4.20000E-03,+485.84375E-03,+1.36719E-03
+4.21000E-03,+486.39063E-03,+3.82813E-03
+4.22000E-03,+485.57031E-03,+273.44E-06
+4.23000E-03,+486.39063E-03,+4.10156E-03
+4.24000E-03,+485.57031E-03,+546.88E-06
+4.25000E-03,+486.39063E-03,+3.28125E-03
+4.26000E-03,+486.39063E-03,+1.36719E-03
+4.27000E-03,+486.11719E-03,+1.36719E-03
+4.28000E-03,+486.11719E-03,+2.73438E-03
+4.29000E-03,+485.57031E-03,+0.0E+00
+4.30000E-03,+487.21094E-03,+3.55469E-03
+4.31000E-03,+486.11719E-03,+0.0E+00
+4.32000E-03,+486.11719E-03,+3.28125E-03
+4.33000E-03,+486.11719E-03,+1.09375E-03
+4.34000E-03,+485.84375E-03,+1.91406E-03
+4.35000E-03,+487.48438E-03,+2.18750E-03
+4.36000E-03,+486.39063E-03,+273.44E-06
+4.37000E-03,+486.39063E-03,+3.00781E-03
+4.38000E-03,+485.84375E-03,+0.0E+00
+4.39000E-03,+485.57031E-03,+3.55469E-03
+4.40000E-03,+486.93750E-03,+1.09375E-03
+4.41000E-03,+485.57031E-03,+2.18750E-03
+4.42000E-03,+486.66406E-03,+1.91406E-03
+4.43000E-03,+485.57031E-03,+820.31E-06
+4.44000E-03,+486.11719E-03,+2.73438E-03
+4.45000E-03,+486.93750E-03,+273.44E-06
+4.46000E-03,+486.11719E-03,+3.28125E-03
+4.47000E-03,+486.39063E-03,+820.31E-06
+4.48000E-03,+485.57031E-03,+2.46094E-03
+4.49000E-03,+486.11719E-03,+1.09375E-03
+4.50000E-03,+486.39063E-03,+1.09375E-03
+4.51000E-03,+485.84375E-03,+2.18750E-03
+4.52000E-03,+486.39063E-03,+546.88E-06
+4.53000E-03,+485.29688E-03,+2.73438E-03
+4.54000E-03,+486.11719E-03,+273.44E-06
+4.55000E-03,+486.39063E-03,+2.18750E-03
+4.56000E-03,+485.57031E-03,+820.31E-06
+4.57000E-03,+485.57031E-03,+1.91406E-03
+4.58000E-03,+484.47656E-03,+1.91406E-03
+4.59000E-03,+486.11719E-03,+1.36719E-03
+4.60000E-03,+485.02344E-03,+3.00781E-03
+4.61000E-03,+485.29688E-03,+0.0E+00
+4.62000E-03,+485.29688E-03,+3.55469E-03
+4.63000E-03,+485.02344E-03,+0.0E+00
+4.64000E-03,+486.11719E-03,+2.73438E-03
+4.65000E-03,+484.75000E-03,+1.09375E-03
+4.66000E-03,+486.39063E-03,+1.36719E-03
+4.67000E-03,+485.29688E-03,+2.73438E-03
+4.68000E-03,+485.02344E-03,-273.44E-06
+4.69000E-03,+485.84375E-03,+3.55469E-03
+4.70000E-03,+484.47656E-03,+0.0E+00
+4.71000E-03,+485.84375E-03,+3.00781E-03
+4.72000E-03,+484.75000E-03,+1.64063E-03
+4.73000E-03,+485.57031E-03,+1.09375E-03
+4.74000E-03,+485.29688E-03,+3.00781E-03
+4.75000E-03,+484.47656E-03,+0.0E+00
+4.76000E-03,+485.29688E-03,+3.55469E-03
+4.77000E-03,+484.75000E-03,-273.44E-06
+4.78000E-03,+485.29688E-03,+2.46094E-03
+4.79000E-03,+485.57031E-03,+1.64063E-03
+4.80000E-03,+484.20313E-03,+546.88E-06
+4.81000E-03,+484.75000E-03,+3.00781E-03
+4.82000E-03,+484.47656E-03,-546.88E-06
+4.83000E-03,+485.57031E-03,+4.10156E-03
+4.84000E-03,+485.29688E-03,+546.88E-06
+4.85000E-03,+484.47656E-03,+2.46094E-03
+4.86000E-03,+485.29688E-03,+1.64063E-03
+4.87000E-03,+484.20313E-03,+820.31E-06
+4.88000E-03,+486.11719E-03,+3.28125E-03
+4.89000E-03,+484.75000E-03,+273.44E-06
+4.90000E-03,+485.29688E-03,+3.82813E-03
+4.91000E-03,+485.29688E-03,+0.0E+00
+4.92000E-03,+484.47656E-03,+2.73438E-03
+4.93000E-03,+485.29688E-03,+1.36719E-03
+4.94000E-03,+483.92969E-03,+1.64063E-03
+4.95000E-03,+484.75000E-03,+3.00781E-03
+4.96000E-03,+483.65625E-03,+273.44E-06
+4.97000E-03,+484.47656E-03,+3.55469E-03
+4.98000E-03,+485.29688E-03,+546.88E-06
+4.99000E-03,+484.20313E-03,+3.28125E-03
+5.00000E-03,+485.02344E-03,+1.91406E-03
+5.01000E-03,+483.92969E-03,+1.91406E-03
+5.02000E-03,+485.29688E-03,+3.00781E-03
+5.03000E-03,+485.29688E-03,+1.36719E-03
+5.04000E-03,+484.75000E-03,+3.55469E-03
+5.05000E-03,+485.02344E-03,+1.09375E-03
+5.06000E-03,+484.20313E-03,+3.55469E-03
+5.07000E-03,+484.47656E-03,+1.64063E-03
+5.08000E-03,+485.02344E-03,+2.18750E-03
+5.09000E-03,+484.20313E-03,+2.46094E-03
+5.10000E-03,+484.75000E-03,+1.09375E-03
+5.11000E-03,+483.92969E-03,+3.55469E-03
+5.12000E-03,+484.75000E-03,+546.88E-06
+5.13000E-03,+484.47656E-03,+3.00781E-03
+5.14000E-03,+484.20313E-03,+820.31E-06
+5.15000E-03,+485.02344E-03,+3.00781E-03
+5.16000E-03,+483.92969E-03,+2.18750E-03
+5.17000E-03,+485.02344E-03,+820.31E-06
+5.18000E-03,+484.20313E-03,+3.00781E-03
+5.19000E-03,+485.02344E-03,+820.31E-06
+5.20000E-03,+484.75000E-03,+3.00781E-03
+5.21000E-03,+484.75000E-03,+820.31E-06
+5.22000E-03,+485.29688E-03,+2.73438E-03
+5.23000E-03,+484.20313E-03,+1.91406E-03
+5.24000E-03,+485.02344E-03,+546.88E-06
+5.25000E-03,+484.47656E-03,+2.46094E-03
+5.26000E-03,+484.20313E-03,-273.44E-06
+5.27000E-03,+484.47656E-03,+3.28125E-03
+5.28000E-03,+483.65625E-03,+0.0E+00
+5.29000E-03,+485.02344E-03,+2.18750E-03
+5.30000E-03,+483.92969E-03,+1.09375E-03
+5.31000E-03,+485.02344E-03,+820.31E-06
+5.32000E-03,+483.65625E-03,+2.73438E-03
+5.33000E-03,+483.38281E-03,+0.0E+00
+5.34000E-03,+485.02344E-03,+3.82813E-03
+5.35000E-03,+484.20313E-03,-273.44E-06
+5.36000E-03,+484.75000E-03,+3.28125E-03
+5.37000E-03,+484.20313E-03,+1.36719E-03
+5.38000E-03,+483.92969E-03,+1.09375E-03
+5.39000E-03,+484.47656E-03,+3.55469E-03
+5.40000E-03,+484.20313E-03,+0.0E+00
+5.41000E-03,+484.75000E-03,+3.55469E-03
+5.42000E-03,+483.10938E-03,-273.44E-06
+5.43000E-03,+484.20313E-03,+3.00781E-03
+5.44000E-03,+483.92969E-03,+1.36719E-03
+5.45000E-03,+483.92969E-03,+1.36719E-03
+5.46000E-03,+485.02344E-03,+2.73438E-03
+5.47000E-03,+483.92969E-03,+0.0E+00
+5.48000E-03,+484.75000E-03,+3.28125E-03
+5.49000E-03,+484.75000E-03,+273.44E-06
+5.50000E-03,+484.47656E-03,+3.00781E-03
+5.51000E-03,+485.29688E-03,+1.36719E-03
+5.52000E-03,+483.92969E-03,+1.64063E-03
+5.53000E-03,+485.02344E-03,+2.73438E-03
+5.54000E-03,+483.92969E-03,+546.88E-06
+5.55000E-03,+485.02344E-03,+3.00781E-03
+5.56000E-03,+484.47656E-03,+273.44E-06
+5.57000E-03,+484.20313E-03,+3.00781E-03
+5.58000E-03,+485.02344E-03,+1.09375E-03
+5.59000E-03,+484.20313E-03,+1.64063E-03
+5.60000E-03,+485.29688E-03,+2.46094E-03
+5.61000E-03,+485.29688E-03,+1.09375E-03
+5.62000E-03,+484.75000E-03,+3.28125E-03
+5.63000E-03,+485.29688E-03,+1.09375E-03
+5.64000E-03,+484.47656E-03,+3.00781E-03
+5.65000E-03,+485.57031E-03,+1.64063E-03
+5.66000E-03,+485.29688E-03,+2.73438E-03
+5.67000E-03,+485.29688E-03,+2.46094E-03
+5.68000E-03,+485.57031E-03,+1.36719E-03
+5.69000E-03,+484.47656E-03,+3.55469E-03
+5.70000E-03,+485.84375E-03,+1.09375E-03
+5.71000E-03,+484.47656E-03,+3.82813E-03
+5.72000E-03,+485.84375E-03,+1.36719E-03
+5.73000E-03,+485.29688E-03,+3.55469E-03
+5.74000E-03,+484.47656E-03,+2.18750E-03
+5.75000E-03,+485.57031E-03,+2.46094E-03
+5.76000E-03,+484.47656E-03,+3.55469E-03
+5.77000E-03,+485.29688E-03,+1.36719E-03
+5.78000E-03,+484.75000E-03,+4.10156E-03
+5.79000E-03,+484.20313E-03,+1.36719E-03
+5.80000E-03,+484.47656E-03,+3.55469E-03
+5.81000E-03,+484.47656E-03,+2.46094E-03
+5.82000E-03,+485.57031E-03,+1.91406E-03
+5.83000E-03,+485.02344E-03,+3.55469E-03
+5.84000E-03,+485.02344E-03,+1.09375E-03
+5.85000E-03,+485.29688E-03,+3.82813E-03
+5.86000E-03,+484.47656E-03,+820.31E-06
+5.87000E-03,+485.84375E-03,+3.55469E-03
+5.88000E-03,+484.47656E-03,+1.64063E-03
+5.89000E-03,+485.57031E-03,+1.91406E-03
+5.90000E-03,+484.75000E-03,+3.55469E-03
+5.91000E-03,+484.75000E-03,+546.88E-06
+5.92000E-03,+485.84375E-03,+4.10156E-03
+5.93000E-03,+484.75000E-03,+546.88E-06
+5.94000E-03,+485.84375E-03,+3.55469E-03
+5.95000E-03,+484.47656E-03,+1.91406E-03
+5.96000E-03,+484.47656E-03,+1.91406E-03
+5.97000E-03,+485.29688E-03,+3.82813E-03
+5.98000E-03,+484.20313E-03,+820.31E-06
+5.99000E-03,+485.84375E-03,+4.64844E-03
+6.00000E-03,+483.92969E-03,+1.36719E-03
+6.01000E-03,+485.02344E-03,+3.55469E-03
+6.02000E-03,+485.02344E-03,+2.73438E-03
+6.03000E-03,+484.75000E-03,+2.18750E-03
+6.04000E-03,+485.57031E-03,+4.10156E-03
+6.05000E-03,+484.20313E-03,+273.44E-06
+6.06000E-03,+484.47656E-03,+4.37500E-03
+6.07000E-03,+483.92969E-03,+1.09375E-03
+6.08000E-03,+484.75000E-03,+3.28125E-03
+6.09000E-03,+484.75000E-03,+3.00781E-03
+6.10000E-03,+484.20313E-03,+1.64063E-03
+6.11000E-03,+484.47656E-03,+4.37500E-03
+6.12000E-03,+483.92969E-03,+0.0E+00
+6.13000E-03,+484.75000E-03,+3.82813E-03
+6.14000E-03,+484.47656E-03,+1.36719E-03
+6.15000E-03,+483.65625E-03,+2.46094E-03
+6.16000E-03,+483.92969E-03,+2.46094E-03
+6.17000E-03,+483.10938E-03,+820.31E-06
+6.18000E-03,+484.47656E-03,+3.55469E-03
+6.19000E-03,+483.65625E-03,+546.88E-06
+6.20000E-03,+484.20313E-03,+3.82813E-03
+6.21000E-03,+483.92969E-03,+820.31E-06
+6.22000E-03,+483.10938E-03,+2.73438E-03
+6.23000E-03,+484.47656E-03,+2.18750E-03
+6.24000E-03,+483.10938E-03,+1.09375E-03
+6.25000E-03,+484.47656E-03,+3.55469E-03
+6.26000E-03,+483.92969E-03,+820.31E-06
+6.27000E-03,+483.10938E-03,+3.55469E-03
+6.28000E-03,+483.92969E-03,+1.09375E-03
+6.29000E-03,+483.10938E-03,+1.91406E-03
+6.30000E-03,+483.65625E-03,+1.91406E-03
+6.31000E-03,+483.38281E-03,+820.31E-06
+6.32000E-03,+482.83594E-03,+2.73438E-03
+6.33000E-03,+484.20313E-03,+273.44E-06
+6.34000E-03,+483.10938E-03,+2.73438E-03
+6.35000E-03,+485.29688E-03,+546.88E-06
+6.36000E-03,+483.38281E-03,+2.46094E-03
+6.37000E-03,+483.92969E-03,+1.91406E-03
+6.38000E-03,+483.92969E-03,+1.36719E-03
+6.39000E-03,+483.38281E-03,+3.00781E-03
+6.40000E-03,+485.57031E-03,+546.88E-06
+6.41000E-03,+483.65625E-03,+3.00781E-03
+6.42000E-03,+484.20313E-03,+546.88E-06
+6.43000E-03,+483.65625E-03,+2.46094E-03
+6.44000E-03,+483.38281E-03,+1.36719E-03
+6.45000E-03,+484.75000E-03,+820.31E-06
+6.46000E-03,+483.65625E-03,+2.73438E-03
+6.47000E-03,+483.92969E-03,+273.44E-06
+6.48000E-03,+483.10938E-03,+2.73438E-03
+6.49000E-03,+483.65625E-03,+273.44E-06
+6.50000E-03,+484.20313E-03,+2.46094E-03
+6.51000E-03,+483.65625E-03,+1.09375E-03
+6.52000E-03,+484.75000E-03,+1.36719E-03
+6.53000E-03,+482.83594E-03,+2.18750E-03
+6.54000E-03,+483.65625E-03,+546.88E-06
+6.55000E-03,+483.92969E-03,+3.00781E-03
+6.56000E-03,+483.38281E-03,+273.44E-06
+6.57000E-03,+483.65625E-03,+2.73438E-03
+6.58000E-03,+482.56250E-03,+1.91406E-03
+6.59000E-03,+483.38281E-03,+1.64063E-03
+6.60000E-03,+482.56250E-03,+2.73438E-03
+6.61000E-03,+483.38281E-03,+0.0E+00
+6.62000E-03,+483.65625E-03,+3.55469E-03
+6.63000E-03,+482.56250E-03,+546.88E-06
+6.64000E-03,+483.38281E-03,+2.18750E-03
+6.65000E-03,+482.56250E-03,+1.91406E-03
+6.66000E-03,+483.92969E-03,+820.31E-06
+6.67000E-03,+483.38281E-03,+3.00781E-03
+6.68000E-03,+482.56250E-03,-273.44E-06
+6.69000E-03,+483.38281E-03,+3.28125E-03
+6.70000E-03,+482.83594E-03,+0.0E+00
+6.71000E-03,+483.38281E-03,+2.18750E-03
+6.72000E-03,+483.92969E-03,+1.36719E-03
+6.73000E-03,+483.38281E-03,+546.88E-06
+6.74000E-03,+483.92969E-03,+3.28125E-03
+6.75000E-03,+482.83594E-03,+0.0E+00
+6.76000E-03,+484.20313E-03,+3.82813E-03
+6.77000E-03,+483.65625E-03,+273.44E-06
+6.78000E-03,+484.20313E-03,+2.46094E-03
+6.79000E-03,+483.65625E-03,+1.91406E-03
+6.80000E-03,+483.10938E-03,+273.44E-06
+6.81000E-03,+483.65625E-03,+3.28125E-03
+6.82000E-03,+483.38281E-03,-546.88E-06
+6.83000E-03,+483.92969E-03,+2.73438E-03
+6.84000E-03,+483.65625E-03,-546.88E-06
+6.85000E-03,+483.38281E-03,+1.91406E-03
+6.86000E-03,+484.20313E-03,+1.91406E-03
+6.87000E-03,+483.10938E-03,+546.88E-06
+6.88000E-03,+484.20313E-03,+3.28125E-03
+6.89000E-03,+483.10938E-03,+0.0E+00
+6.90000E-03,+483.10938E-03,+3.00781E-03
+6.91000E-03,+482.83594E-03,+546.88E-06
+6.92000E-03,+482.01563E-03,+1.64063E-03
+6.93000E-03,+483.65625E-03,+1.91406E-03
+6.94000E-03,+482.56250E-03,+0.0E+00
+6.95000E-03,+483.38281E-03,+2.46094E-03
+6.96000E-03,+483.10938E-03,-273.44E-06
+6.97000E-03,+482.83594E-03,+2.73438E-03
+6.98000E-03,+483.92969E-03,+273.44E-06
+6.99000E-03,+483.10938E-03,+1.09375E-03
+7.00000E-03,+484.20313E-03,+1.91406E-03
+7.01000E-03,+482.83594E-03,+0.0E+00
+7.02000E-03,+483.38281E-03,+2.18750E-03
+7.03000E-03,+483.65625E-03,-546.88E-06
+7.04000E-03,+482.56250E-03,+2.18750E-03
+7.05000E-03,+483.92969E-03,+273.44E-06
+7.06000E-03,+482.01563E-03,+1.36719E-03
+7.07000E-03,+483.38281E-03,+1.09375E-03
+7.08000E-03,+482.28906E-03,-273.44E-06
+7.09000E-03,+483.10938E-03,+1.91406E-03
+7.10000E-03,+482.28906E-03,-546.88E-06
+7.11000E-03,+482.01563E-03,+2.18750E-03
+7.12000E-03,+482.56250E-03,+0.0E+00
+7.13000E-03,+482.28906E-03,+1.36719E-03
+7.14000E-03,+482.56250E-03,+820.31E-06
+7.15000E-03,+482.28906E-03,+273.44E-06
+7.16000E-03,+481.74219E-03,+1.64063E-03
+7.17000E-03,+482.56250E-03,-546.88E-06
+7.18000E-03,+482.01563E-03,+2.18750E-03
+7.19000E-03,+482.28906E-03,-820.31E-06
+7.20000E-03,+482.56250E-03,+1.91406E-03
+7.21000E-03,+482.01563E-03,+820.31E-06
+7.22000E-03,+482.83594E-03,+1.09375E-03
+7.23000E-03,+481.74219E-03,+1.91406E-03
+7.24000E-03,+482.56250E-03,-273.44E-06
+7.25000E-03,+482.28906E-03,+2.46094E-03
+7.26000E-03,+482.01563E-03,-820.31E-06
+7.27000E-03,+482.28906E-03,+2.18750E-03
+7.28000E-03,+481.46875E-03,+273.44E-06
+7.29000E-03,+482.56250E-03,+546.88E-06
+7.30000E-03,+481.19531E-03,+1.64063E-03
+7.31000E-03,+482.28906E-03,-546.88E-06
+7.32000E-03,+482.01563E-03,+2.18750E-03
+7.33000E-03,+480.92188E-03,-1.09375E-03
+7.34000E-03,+482.28906E-03,+2.46094E-03
+7.35000E-03,+480.92188E-03,-546.88E-06
+7.36000E-03,+482.56250E-03,+1.09375E-03
+7.37000E-03,+480.92188E-03,+1.09375E-03
+7.38000E-03,+481.46875E-03,-820.31E-06
+7.39000E-03,+482.01563E-03,+2.18750E-03
+7.40000E-03,+481.19531E-03,-1.09375E-03
+7.41000E-03,+483.38281E-03,+2.46094E-03
+7.42000E-03,+481.46875E-03,-273.44E-06
+7.43000E-03,+482.01563E-03,+1.09375E-03
+7.44000E-03,+482.28906E-03,+1.64063E-03
+7.45000E-03,+481.74219E-03,-546.88E-06
+7.46000E-03,+482.83594E-03,+3.00781E-03
+7.47000E-03,+481.19531E-03,-820.31E-06
+7.48000E-03,+481.74219E-03,+2.46094E-03
+7.49000E-03,+481.19531E-03,+0.0E+00
+7.50000E-03,+481.19531E-03,+1.36719E-03
+7.51000E-03,+482.83594E-03,+2.46094E-03
+7.52000E-03,+480.92188E-03,+273.44E-06
+7.53000E-03,+482.56250E-03,+3.55469E-03
+7.54000E-03,+480.92188E-03,+0.0E+00
+7.55000E-03,+481.74219E-03,+3.55469E-03
+7.56000E-03,+482.01563E-03,+1.09375E-03
+7.57000E-03,+480.92188E-03,+1.64063E-03
+7.58000E-03,+482.28906E-03,+2.46094E-03
+7.59000E-03,+480.64844E-03,+546.88E-06
+7.60000E-03,+481.74219E-03,+3.55469E-03
+7.61000E-03,+481.46875E-03,+0.0E+00
+7.62000E-03,+482.01563E-03,+3.28125E-03
+7.63000E-03,+482.01563E-03,+1.36719E-03
+7.64000E-03,+480.92188E-03,+1.91406E-03
+7.65000E-03,+482.28906E-03,+2.46094E-03
+7.66000E-03,+481.74219E-03,+546.88E-06
+7.67000E-03,+482.01563E-03,+2.73438E-03
+7.68000E-03,+482.01563E-03,+273.44E-06
+7.69000E-03,+481.46875E-03,+3.00781E-03
+7.70000E-03,+482.28906E-03,+1.09375E-03
+7.71000E-03,+481.46875E-03,+1.91406E-03
+7.72000E-03,+482.56250E-03,+2.18750E-03
+7.73000E-03,+481.46875E-03,+273.44E-06
+7.74000E-03,+481.46875E-03,+3.00781E-03
+7.75000E-03,+481.74219E-03,+273.44E-06
+7.76000E-03,+481.19531E-03,+3.00781E-03
+7.77000E-03,+482.28906E-03,+1.09375E-03
+7.78000E-03,+481.46875E-03,+1.91406E-03
+7.79000E-03,+481.46875E-03,+2.18750E-03
+7.80000E-03,+481.74219E-03,+1.64063E-03
+7.81000E-03,+481.46875E-03,+3.82813E-03
+7.82000E-03,+482.83594E-03,+1.36719E-03
+7.83000E-03,+482.01563E-03,+3.82813E-03
+7.84000E-03,+482.28906E-03,+1.36719E-03
+7.85000E-03,+482.01563E-03,+2.73438E-03
+7.86000E-03,+481.46875E-03,+2.46094E-03
+7.87000E-03,+482.83594E-03,+1.36719E-03
+7.88000E-03,+481.74219E-03,+3.00781E-03
+7.89000E-03,+482.83594E-03,+820.31E-06
+7.90000E-03,+481.74219E-03,+3.55469E-03
