time,V(vin),V(vout)
0.000000000000000e+000,0.000000e+000,0.000000e+000
3.417968750000000e-009,1.000000e+000,4.070400e-007
8.793131465597347e-009,1.000000e+000,7.385943e-006
1.416829418119470e-008,1.000000e+000,1.871972e-005
1.954345689679204e-008,1.000000e+000,3.440836e-005
2.491861961238939e-008,1.000000e+000,5.445188e-005
3.029378232798674e-008,1.000000e+000,7.885026e-005
3.566894504358408e-008,1.000000e+000,1.076035e-004
4.104410775918141e-008,1.000000e+000,1.407117e-004
7.881780025467335e-008,1.000000e+000,3.794706e-004
1.251205763993068e-007,1.000000e+000,6.875455e-004
3.133331283166153e-007,1.000000e+000,1.905214e-003
8.869751260848658e-007,1.000000e+000,5.596527e-003
1.651831123109200e-006,1.000000e+000,1.050368e-002
3.181543117157868e-006,1.000000e+000,2.026613e-002
6.240967105255204e-006,1.000000e+000,3.962009e-002
9.658935855255204e-006,1.000000e+000,6.097201e-002
1.307690460525520e-005,1.000000e+000,8.197977e-002
1.649487335525520e-005,1.000000e+000,1.025989e-001
1.991284210525520e-005,1.000000e+000,1.227937e-001
2.333081085525520e-005,1.000000e+000,1.425298e-001
2.674877960525520e-005,1.000000e+000,1.617742e-001
3.016674835525520e-005,1.000000e+000,1.804949e-001
3.358471710525520e-005,1.000000e+000,1.986617e-001
3.700268585525521e-005,1.000000e+000,2.162453e-001
4.042065460525521e-005,1.000000e+000,2.332182e-001
4.383862335525521e-005,1.000000e+000,2.495544e-001
4.725659210525522e-005,1.000000e+000,2.652291e-001
5.067456085525522e-005,1.000000e+000,2.802194e-001
5.409252960525522e-005,1.000000e+000,2.945038e-001
5.751049835525523e-005,1.000000e+000,3.080623e-001
6.092846710525523e-005,1.000000e+000,3.208769e-001
6.434643585525523e-005,1.000000e+000,3.329307e-001
6.776440460525524e-005,1.000000e+000,3.442089e-001
7.118237335525524e-005,1.000000e+000,3.546982e-001
7.460034210525524e-005,1.000000e+000,3.643869e-001
7.801831085525524e-005,1.000000e+000,3.732651e-001
8.143627960525525e-005,1.000000e+000,3.813246e-001
8.485424835525525e-005,1.000000e+000,3.885586e-001
8.827221710525525e-005,1.000000e+000,3.949623e-001
9.169018585525526e-005,1.000000e+000,4.005324e-001
9.510815460525526e-005,1.000000e+000,4.052672e-001
9.852612335525526e-005,1.000000e+000,4.091668e-001
1.019440921052553e-004,1.000000e+000,4.122327e-001
1.053620608552553e-004,1.000000e+000,4.144682e-001
1.087800296052553e-004,1.000000e+000,4.158781e-001
1.121979983552553e-004,1.000000e+000,4.164687e-001
1.156159671052553e-004,1.000000e+000,4.162478e-001
1.190339358552553e-004,1.000000e+000,4.152247e-001
1.224519046052553e-004,1.000000e+000,4.134102e-001
1.258698733552553e-004,1.000000e+000,4.108166e-001
1.292878421052553e-004,1.000000e+000,4.074572e-001
1.327058108552553e-004,1.000000e+000,4.033471e-001
1.395417483552553e-004,1.000000e+000,3.929406e-001
1.463776858552553e-004,1.000000e+000,3.797408e-001
1.532136233552553e-004,1.000000e+000,3.639102e-001
1.600495608552553e-004,1.000000e+000,3.456278e-001
1.668854983552553e-004,1.000000e+000,3.250875e-001
1.771394046052553e-004,1.000000e+000,2.904997e-001
1.873933108552553e-004,1.000000e+000,2.520447e-001
1.976472171052553e-004,1.000000e+000,2.105089e-001
2.079011233552554e-004,1.000000e+000,1.667064e-001
2.181550296052554e-004,1.000000e+000,1.214635e-001
2.215729983552554e-004,1.000000e+000,1.062052e-001
2.284089358552554e-004,1.000000e+000,7.560453e-002
2.352448733552554e-004,1.000000e+000,4.508978e-002
2.420808108552554e-004,1.000000e+000,1.489365e-002
2.454987796052554e-004,1.000000e+000,-1.425219e-005
2.489167483552554e-004,1.000000e+000,-1.475875e-002
2.523347171052554e-004,1.000000e+000,-2.931313e-002
2.557526858552554e-004,1.000000e+000,-4.365135e-002
2.625886233552554e-004,1.000000e+000,-7.157867e-002
2.694245608552554e-004,1.000000e+000,-9.834711e-002
2.762604983552554e-004,1.000000e+000,-1.237762e-001
2.796784671052554e-004,1.000000e+000,-1.359359e-001
2.830964358552554e-004,1.000000e+000,-1.476997e-001
2.865144046052554e-004,1.000000e+000,-1.590490e-001
2.899323733552554e-004,1.000000e+000,-1.699665e-001
2.933503421052554e-004,1.000000e+000,-1.804358e-001
2.967683108552554e-004,1.000000e+000,-1.904416e-001
3.001862796052554e-004,1.000000e+000,-1.999697e-001
3.036042483552554e-004,1.000000e+000,-2.090068e-001
3.070222171052554e-004,1.000000e+000,-2.175409e-001
3.104401858552554e-004,1.000000e+000,-2.255609e-001
3.138581546052554e-004,1.000000e+000,-2.330571e-001
3.172761233552554e-004,1.000000e+000,-2.400206e-001
3.206940921052555e-004,1.000000e+000,-2.464439e-001
3.241120608552555e-004,1.000000e+000,-2.523204e-001
3.275300296052555e-004,1.000000e+000,-2.576448e-001
3.309479983552555e-004,1.000000e+000,-2.624128e-001
3.343659671052555e-004,1.000000e+000,-2.666214e-001
3.377839358552555e-004,1.000000e+000,-2.702684e-001
3.412019046052555e-004,1.000000e+000,-2.733532e-001
3.446198733552555e-004,1.000000e+000,-2.758757e-001
3.480378421052555e-004,1.000000e+000,-2.778372e-001
3.514558108552555e-004,1.000000e+000,-2.792403e-001
3.548737796052555e-004,1.000000e+000,-2.800882e-001
3.582917483552555e-004,1.000000e+000,-2.803855e-001
3.617097171052555e-004,1.000000e+000,-2.801375e-001
3.651276858552555e-004,1.000000e+000,-2.793508e-001
3.685456546052555e-004,1.000000e+000,-2.780327e-001
3.719636233552555e-004,1.000000e+000,-2.761916e-001
3.753815921052555e-004,1.000000e+000,-2.738369e-001
3.787995608552555e-004,1.000000e+000,-2.709786e-001
3.822175296052555e-004,1.000000e+000,-2.676278e-001
3.856354983552555e-004,1.000000e+000,-2.637965e-001
3.890534671052555e-004,1.000000e+000,-2.594973e-001
3.924714358552555e-004,1.000000e+000,-2.547436e-001
3.958894046052555e-004,1.000000e+000,-2.495495e-001
3.993073733552555e-004,1.000000e+000,-2.439301e-001
4.027253421052555e-004,1.000000e+000,-2.379007e-001
4.061433108552555e-004,1.000000e+000,-2.314775e-001
4.095612796052555e-004,1.000000e+000,-2.246773e-001
4.129792483552555e-004,1.000000e+000,-2.175173e-001
4.163972171052555e-004,1.000000e+000,-2.100154e-001
4.198151858552555e-004,1.000000e+000,-2.021897e-001
4.232331546052555e-004,1.000000e+000,-1.940590e-001
4.266511233552555e-004,1.000000e+000,-1.856422e-001
4.300690921052555e-004,1.000000e+000,-1.769589e-001
4.334870608552556e-004,1.000000e+000,-1.680286e-001
4.403229983552556e-004,1.000000e+000,-1.495076e-001
4.471589358552556e-004,1.000000e+000,-1.302411e-001
4.539948733552556e-004,1.000000e+000,-1.103937e-001
4.608308108552556e-004,1.000000e+000,-9.013042e-002
4.710847171052556e-004,1.000000e+000,-5.931593e-002
4.813386233552556e-004,1.000000e+000,-2.848415e-002
4.881745608552556e-004,1.000000e+000,-8.182921e-003
4.915925296052556e-004,1.000000e+000,1.834542e-003
4.950104983552556e-004,1.000000e+000,1.173868e-002
4.984284671052555e-004,1.000000e+000,2.151159e-002
5.018464358552554e-004,1.000000e+000,3.113582e-002
5.052644046052554e-004,1.000000e+000,4.059439e-002
5.086823733552553e-004,1.000000e+000,4.987084e-002
5.121003421052553e-004,1.000000e+000,5.894924e-002
5.155183108552552e-004,1.000000e+000,6.781421e-002
5.189362796052552e-004,1.000000e+000,7.645094e-002
5.223542483552551e-004,1.000000e+000,8.484525e-002
5.257722171052551e-004,1.000000e+000,9.298357e-002
5.326081546052550e-004,1.000000e+000,1.084412e-001
5.394440921052549e-004,1.000000e+000,1.227284e-001
5.462800296052548e-004,1.000000e+000,1.357610e-001
5.531159671052547e-004,1.000000e+000,1.474661e-001
5.599519046052546e-004,1.000000e+000,1.577826e-001
5.667878421052545e-004,1.000000e+000,1.666617e-001
5.736237796052544e-004,1.000000e+000,1.740662e-001
5.804597171052543e-004,1.000000e+000,1.799716e-001
5.872956546052542e-004,1.000000e+000,1.843651e-001
5.941315921052541e-004,1.000000e+000,1.872458e-001
6.009675296052540e-004,1.000000e+000,1.886246e-001
6.043854983552539e-004,1.000000e+000,1.887573e-001
6.078034671052539e-004,1.000000e+000,1.885237e-001
6.112214358552538e-004,1.000000e+000,1.879282e-001
6.180573733552537e-004,1.000000e+000,1.856728e-001
6.248933108552536e-004,1.000000e+000,1.820396e-001
6.317292483552535e-004,1.000000e+000,1.770865e-001
6.385651858552534e-004,1.000000e+000,1.708803e-001
6.454011233552533e-004,1.000000e+000,1.634961e-001
6.522370608552532e-004,1.000000e+000,1.550163e-001
6.590729983552531e-004,1.000000e+000,1.455299e-001
6.659089358552530e-004,1.000000e+000,1.351319e-001
6.727448733552529e-004,1.000000e+000,1.239218e-001
6.795808108552528e-004,1.000000e+000,1.120038e-001
6.864167483552527e-004,1.000000e+000,9.948467e-002
6.932526858552526e-004,1.000000e+000,8.647385e-002
7.000886233552525e-004,1.000000e+000,7.308204e-002
7.103425296052523e-004,1.000000e+000,5.252319e-002
7.205964358552522e-004,1.000000e+000,3.173030e-002
7.308503421052520e-004,1.000000e+000,1.106830e-002
7.342683108552520e-004,1.000000e+000,4.271200e-003
7.376862796052519e-004,1.000000e+000,-2.459665e-003
7.411042483552519e-004,1.000000e+000,-9.112012e-003
7.445222171052518e-004,1.000000e+000,-1.567384e-002
7.513581546052517e-004,1.000000e+000,-2.847951e-002
7.581940921052516e-004,1.000000e+000,-4.078716e-002
7.650300296052515e-004,1.000000e+000,-5.251305e-002
7.718659671052514e-004,1.000000e+000,-6.357974e-002
7.787019046052513e-004,1.000000e+000,-7.391655e-002
7.855378421052512e-004,1.000000e+000,-8.345993e-002
7.957917483552510e-004,1.000000e+000,-9.616685e-002
8.060456546052509e-004,1.000000e+000,-1.068080e-001
8.128815921052508e-004,1.000000e+000,-1.126956e-001
8.197175296052507e-004,1.000000e+000,-1.175888e-001
8.265534671052506e-004,1.000000e+000,-1.214715e-001
8.333894046052505e-004,1.000000e+000,-1.243360e-001
8.402253421052504e-004,1.000000e+000,-1.261825e-001
8.470612796052503e-004,1.000000e+000,-1.270189e-001
8.504792483552502e-004,1.000000e+000,-1.270629e-001
8.538972171052502e-004,1.000000e+000,-1.268609e-001
8.573151858552501e-004,1.000000e+000,-1.264158e-001
8.641511233552500e-004,1.000000e+000,-1.248112e-001
8.709870608552499e-004,1.000000e+000,-1.222823e-001
8.778229983552498e-004,1.000000e+000,-1.188687e-001
8.846589358552497e-004,1.000000e+000,-1.146159e-001
8.914948733552496e-004,1.000000e+000,-1.095749e-001
8.983308108552495e-004,1.000000e+000,-1.038017e-001
9.085847171052494e-004,1.000000e+000,-9.390181e-002
9.188386233552492e-004,1.000000e+000,-8.271023e-002
9.290925296052491e-004,1.000000e+000,-7.046126e-002
9.393464358552489e-004,1.000000e+000,-5.739976e-002
9.496003421052487e-004,1.000000e+000,-4.377662e-002
9.598542483552486e-004,1.000000e+000,-2.984419e-002
9.701081546052484e-004,1.000000e+000,-1.585196e-002
9.769440921052483e-004,1.000000e+000,-6.610688e-003
9.803620608552484e-004,1.000000e+000,-2.042309e-003
9.837800296052485e-004,1.000000e+000,2.479954e-003
9.871979983552485e-004,1.000000e+000,6.947866e-003
9.906159671052486e-004,1.000000e+000,1.135338e-002
9.974519046052487e-004,1.000000e+000,1.994614e-002
1.004287842105249e-003,1.000000e+000,2.819830e-002
1.011123779605249e-003,1.000000e+000,3.605386e-002
1.014541748355249e-003,1.000000e+000,3.981657e-002
1.017959717105249e-003,1.000000e+000,4.346109e-002
1.021377685855249e-003,1.000000e+000,4.698167e-002
1.024795654605249e-003,1.000000e+000,5.037284e-002
1.028213623355249e-003,1.000000e+000,5.362949e-002
1.031631592105249e-003,1.000000e+000,5.674679e-002
1.035049560855249e-003,1.000000e+000,5.972024e-002
1.038467529605249e-003,1.000000e+000,6.254566e-002
1.041885498355249e-003,1.000000e+000,6.521923e-002
1.045303467105250e-003,1.000000e+000,6.773743e-002
1.048721435855250e-003,1.000000e+000,7.009711e-002
1.052139404605250e-003,1.000000e+000,7.229543e-002
1.055557373355250e-003,1.000000e+000,7.432993e-002
1.058975342105250e-003,1.000000e+000,7.619844e-002
1.062393310855250e-003,1.000000e+000,7.789920e-002
1.065811279605250e-003,1.000000e+000,7.943075e-002
1.069229248355250e-003,1.000000e+000,8.079198e-002
1.072647217105250e-003,1.000000e+000,8.198212e-002
1.076065185855250e-003,1.000000e+000,8.300076e-002
1.079483154605250e-003,1.000000e+000,8.384780e-002
1.082901123355250e-003,1.000000e+000,8.452348e-002
1.086319092105250e-003,1.000000e+000,8.502839e-002
1.089737060855250e-003,1.000000e+000,8.536340e-002
1.093155029605250e-003,1.000000e+000,8.552974e-002
1.096572998355250e-003,1.000000e+000,8.552894e-002
1.099990967105250e-003,1.000000e+000,8.536282e-002
1.103408935855250e-003,1.000000e+000,8.503353e-002
1.106826904605251e-003,1.000000e+000,8.454347e-002
1.110244873355251e-003,1.000000e+000,8.389538e-002
1.113662842105251e-003,1.000000e+000,8.309223e-002
1.117080810855251e-003,1.000000e+000,8.213726e-002
1.120498779605251e-003,1.000000e+000,8.103399e-002
1.123916748355251e-003,1.000000e+000,7.978618e-002
1.127334717105251e-003,1.000000e+000,7.839783e-002
1.130752685855251e-003,1.000000e+000,7.687314e-002
1.134170654605251e-003,1.000000e+000,7.521658e-002
1.137588623355251e-003,1.000000e+000,7.343279e-002
1.141006592105251e-003,1.000000e+000,7.152660e-002
1.144424560855251e-003,1.000000e+000,6.950305e-002
1.147842529605251e-003,1.000000e+000,6.736733e-002
1.151260498355251e-003,1.000000e+000,6.512479e-002
1.154678467105251e-003,1.000000e+000,6.278096e-002
1.161514404605251e-003,1.000000e+000,5.781206e-002
1.168350342105252e-003,1.000000e+000,5.250714e-002
1.178604248355252e-003,1.000000e+000,4.402529e-002
1.188858154605252e-003,1.000000e+000,3.506272e-002
1.199112060855252e-003,1.000000e+000,2.578908e-002
1.209365967105252e-003,1.000000e+000,1.637384e-002
1.219619873355252e-003,1.000000e+000,6.983393e-003
1.223037842105253e-003,1.000000e+000,3.886726e-003
1.226455810855253e-003,1.000000e+000,8.164833e-004
1.229873779605253e-003,1.000000e+000,-2.221690e-003
1.233291748355253e-003,1.000000e+000,-5.222273e-003
1.236709717105253e-003,1.000000e+000,-8.179878e-003
1.243545654605253e-003,1.000000e+000,-1.394532e-002
1.250381592105253e-003,1.000000e+000,-1.947790e-002
1.257217529605253e-003,1.000000e+000,-2.474019e-002
1.264053467105253e-003,1.000000e+000,-2.969761e-002
1.270889404605253e-003,1.000000e+000,-3.431873e-002
1.277725342105253e-003,1.000000e+000,-3.857535e-002
1.287979248355254e-003,1.000000e+000,-4.422364e-002
1.298233154605254e-003,1.000000e+000,-4.892829e-002
1.308487060855254e-003,1.000000e+000,-5.263916e-002
1.318740967105254e-003,1.000000e+000,-5.532479e-002
1.328994873355254e-003,1.000000e+000,-5.697236e-002
1.335830810855254e-003,1.000000e+000,-5.749600e-002
1.339248779605254e-003,1.000000e+000,-5.758733e-002
1.342666748355255e-003,1.000000e+000,-5.756634e-002
1.346084717105255e-003,1.000000e+000,-5.743430e-002
1.352920654605255e-003,1.000000e+000,-5.684318e-002
1.359756592105255e-003,1.000000e+000,-5.582807e-002
1.366592529605255e-003,1.000000e+000,-5.440600e-002
1.373428467105255e-003,1.000000e+000,-5.259679e-002
1.380264404605255e-003,1.000000e+000,-5.042276e-002
1.390518310855255e-003,1.000000e+000,-4.653223e-002
1.400772217105255e-003,1.000000e+000,-4.196858e-002
1.411026123355256e-003,1.000000e+000,-3.683212e-002
1.421280029605256e-003,1.000000e+000,-3.122975e-002
1.431533935855256e-003,1.000000e+000,-2.527289e-002
1.441787842105256e-003,1.000000e+000,-1.907543e-002
1.452041748355256e-003,1.000000e+000,-1.275169e-002
1.462295654605257e-003,1.000000e+000,-6.414448e-003
1.469131592105257e-003,1.000000e+000,-2.236309e-003
1.472549560855257e-003,1.000000e+000,-1.730432e-004
1.475967529605257e-003,1.000000e+000,1.867947e-003
1.479385498355257e-003,1.000000e+000,3.882961e-003
1.486221435855257e-003,1.000000e+000,7.820714e-003
1.493057373355257e-003,1.000000e+000,1.161253e-002
1.499893310855257e-003,1.000000e+000,1.523245e-002
1.506729248355257e-003,1.000000e+000,1.865639e-002
1.513565185855257e-003,1.000000e+000,2.186232e-002
1.520401123355257e-003,1.000000e+000,2.483034e-002
1.530655029605258e-003,1.000000e+000,2.879838e-002
1.540908935855258e-003,1.000000e+000,3.214253e-002
1.551162842105258e-003,1.000000e+000,3.482559e-002
1.561416748355258e-003,1.000000e+000,3.682297e-002
1.571670654605258e-003,1.000000e+000,3.812263e-002
1.581924560855259e-003,1.000000e+000,3.872493e-002
1.585342529605259e-003,1.000000e+000,3.877252e-002
1.588760498355259e-003,1.000000e+000,3.874465e-002
1.595596435855259e-003,1.000000e+000,3.846617e-002
1.602432373355259e-003,1.000000e+000,3.789812e-002
1.609268310855259e-003,1.000000e+000,3.705119e-002
1.616104248355259e-003,1.000000e+000,3.593796e-002
1.622940185855259e-003,1.000000e+000,3.457279e-002
1.633194092105259e-003,1.000000e+000,3.208803e-002
1.643447998355260e-003,1.000000e+000,2.913266e-002
1.653701904605260e-003,1.000000e+000,2.577279e-002
1.663955810855260e-003,1.000000e+000,2.207929e-002
1.674209717105260e-003,1.000000e+000,1.812649e-002
1.684463623355260e-003,1.000000e+000,1.399075e-002
1.694717529605260e-003,1.000000e+000,9.749077e-003
1.704971435855261e-003,1.000000e+000,5.477814e-003
1.715225342105261e-003,1.000000e+000,1.251319e-003
1.718643310855261e-003,1.000000e+000,-1.351480e-004
1.722061279605261e-003,1.000000e+000,-1.506159e-003
1.728897217105261e-003,1.000000e+000,-4.191951e-003
1.735733154605261e-003,1.000000e+000,-6.786977e-003
1.742569092105261e-003,1.000000e+000,-9.273272e-003
1.749405029605261e-003,1.000000e+000,-1.163410e-002
1.756240967105261e-003,1.000000e+000,-1.385404e-002
1.763076904605262e-003,1.000000e+000,-1.591911e-002
1.773330810855262e-003,1.000000e+000,-1.869943e-002
1.783584717105262e-003,1.000000e+000,-2.106799e-002
1.793838623355262e-003,1.000000e+000,-2.299749e-002
1.804092529605262e-003,1.000000e+000,-2.446904e-002
1.814346435855262e-003,1.000000e+000,-2.547225e-002
1.824600342105263e-003,1.000000e+000,-2.600511e-002
1.831436279605263e-003,1.000000e+000,-2.610175e-002
1.838272217105263e-003,1.000000e+000,-2.599566e-002
1.845108154605263e-003,1.000000e+000,-2.569210e-002
1.851944092105263e-003,1.000000e+000,-2.519768e-002
1.858780029605263e-003,1.000000e+000,-2.452038e-002
1.869033935855263e-003,1.000000e+000,-2.318194e-002
1.879287842105263e-003,1.000000e+000,-2.148864e-002
1.889541748355264e-003,1.000000e+000,-1.948114e-002
1.899795654605264e-003,1.000000e+000,-1.720413e-002
1.910049560855264e-003,1.000000e+000,-1.470552e-002
1.920303467105264e-003,1.000000e+000,-1.203545e-002
1.930557373355264e-003,1.000000e+000,-9.245377e-003
1.940811279605265e-003,1.000000e+000,-6.387145e-003
1.951065185855265e-003,1.000000e+000,-3.512090e-003
1.961319092105264e-003,1.000000e+000,-6.701637e-004
1.964737060855264e-003,1.000000e+000,2.614503e-004
1.971572998355264e-003,1.000000e+000,2.090874e-003
1.978408935855264e-003,1.000000e+000,3.864354e-003
1.985244873355263e-003,1.000000e+000,5.569481e-003
1.992080810855263e-003,1.000000e+000,7.194638e-003
1.998916748355263e-003,1.000000e+000,8.729080e-003
2.009170654605262e-003,1.000000e+000,1.083944e-002
2.019424560855262e-003,1.000000e+000,1.269493e-002
2.029678467105261e-003,1.000000e+000,1.427193e-002
2.039932373355261e-003,1.000000e+000,1.555241e-002
2.050186279605260e-003,1.000000e+000,1.652400e-002
2.060440185855260e-003,1.000000e+000,1.718005e-002
2.070694092105259e-003,1.000000e+000,1.751956e-002
2.077530029605259e-003,1.000000e+000,1.757201e-002
2.084365967105259e-003,1.000000e+000,1.748828e-002
2.091201904605258e-003,1.000000e+000,1.727197e-002
2.101455810855258e-003,1.000000e+000,1.670911e-002
2.111709717105257e-003,1.000000e+000,1.587743e-002
2.121963623355257e-003,1.000000e+000,1.479997e-002
2.132217529605256e-003,1.000000e+000,1.350322e-002
2.142471435855256e-003,1.000000e+000,1.201661e-002
2.152725342105255e-003,1.000000e+000,1.037185e-002
2.162979248355255e-003,1.000000e+000,8.602352e-003
2.173233154605255e-003,1.000000e+000,6.742578e-003
2.183487060855254e-003,1.000000e+000,4.827422e-003
2.193740967105254e-003,1.000000e+000,2.891595e-003
2.203994873355253e-003,1.000000e+000,9.690358e-004
2.210830810855253e-003,1.000000e+000,-2.891268e-004
2.217666748355252e-003,1.000000e+000,-1.517638e-003
2.224502685855252e-003,1.000000e+000,-2.707703e-003
2.231338623355252e-003,1.000000e+000,-3.851013e-003
2.238174560855252e-003,1.000000e+000,-4.939800e-003
2.248428467105251e-003,1.000000e+000,-6.455216e-003
2.258682373355251e-003,1.000000e+000,-7.810417e-003
2.268936279605250e-003,1.000000e+000,-8.987326e-003
2.279190185855250e-003,1.000000e+000,-9.971515e-003
2.289444092105249e-003,1.000000e+000,-1.075234e-002
2.299697998355249e-003,1.000000e+000,-1.132299e-002
2.309951904605248e-003,1.000000e+000,-1.168051e-002
2.320205810855248e-003,1.000000e+000,-1.182566e-002
2.330459717105247e-003,1.000000e+000,-1.176288e-002
2.340713623355247e-003,1.000000e+000,-1.149999e-002
2.350967529605246e-003,1.000000e+000,-1.104802e-002
2.361221435855246e-003,1.000000e+000,-1.042089e-002
2.371475342105245e-003,1.000000e+000,-9.635072e-003
2.381729248355245e-003,1.000000e+000,-8.709224e-003
2.391983154605244e-003,1.000000e+000,-7.663813e-003
2.402237060855244e-003,1.000000e+000,-6.520691e-003
2.412490967105243e-003,1.000000e+000,-5.302679e-003
2.422744873355243e-003,1.000000e+000,-4.033143e-003
2.432998779605242e-003,1.000000e+000,-2.735574e-003
2.443252685855242e-003,1.000000e+000,-1.433182e-003
2.453506592105241e-003,1.000000e+000,-1.485044e-004
2.460342529605241e-003,1.000000e+000,6.874360e-004
2.467178467105241e-003,1.000000e+000,1.499875e-003
2.474014404605240e-003,1.000000e+000,2.283081e-003
2.484268310855240e-003,1.000000e+000,3.391409e-003
2.494522217105240e-003,1.000000e+000,4.405426e-003
2.504776123355239e-003,1.000000e+000,5.310775e-003
2.515030029605239e-003,1.000000e+000,6.095431e-003
2.525283935855238e-003,1.000000e+000,6.749834e-003
2.535537842105238e-003,1.000000e+000,7.266976e-003
2.545791748355237e-003,1.000000e+000,7.642434e-003
2.556045654605237e-003,1.000000e+000,7.874361e-003
2.566299560855236e-003,1.000000e+000,7.963440e-003
2.576553467105236e-003,1.000000e+000,7.912786e-003
2.586807373355235e-003,1.000000e+000,7.727813e-003
2.597061279605235e-003,1.000000e+000,7.416066e-003
2.607315185855234e-003,1.000000e+000,6.987027e-003
2.617569092105234e-003,1.000000e+000,6.451880e-003
2.627822998355233e-003,1.000000e+000,5.823274e-003
2.638076904605233e-003,1.000000e+000,5.115048e-003
2.648330810855232e-003,1.000000e+000,4.341963e-003
2.658584717105232e-003,1.000000e+000,3.519412e-003
2.668838623355231e-003,1.000000e+000,2.663139e-003
2.679092529605231e-003,1.000000e+000,1.788955e-003
2.689346435855230e-003,1.000000e+000,9.124639e-004
2.699600342105230e-003,1.000000e+000,4.880307e-005
2.709854248355229e-003,1.000000e+000,-7.876034e-004
2.720108154605229e-003,1.000000e+000,-1.583269e-003
2.730362060855229e-003,1.000000e+000,-2.325845e-003
2.740615967105228e-003,1.000000e+000,-3.004298e-003
2.750869873355228e-003,1.000000e+000,-3.609054e-003
2.761123779605227e-003,1.000000e+000,-4.132118e-003
2.771377685855227e-003,1.000000e+000,-4.567156e-003
2.781631592105226e-003,1.000000e+000,-4.909557e-003
2.791885498355226e-003,1.000000e+000,-5.156447e-003
2.802139404605225e-003,1.000000e+000,-5.306692e-003
2.812393310855225e-003,1.000000e+000,-5.360851e-003
2.822647217105224e-003,1.000000e+000,-5.321118e-003
2.832901123355224e-003,1.000000e+000,-5.191228e-003
2.843155029605223e-003,1.000000e+000,-4.976348e-003
2.853408935855223e-003,1.000000e+000,-4.682930e-003
2.863662842105222e-003,1.000000e+000,-4.318574e-003
2.873916748355222e-003,1.000000e+000,-3.891845e-003
2.884170654605221e-003,1.000000e+000,-3.412106e-003
2.894424560855221e-003,1.000000e+000,-2.889323e-003
2.904678467105220e-003,1.000000e+000,-2.333881e-003
2.914932373355220e-003,1.000000e+000,-1.756386e-003
2.919815185855220e-003,1.000000e+000,-1.473981e-003
2.924697998355219e-003,1.000000e+000,-1.192897e-003
2.929580810855219e-003,1.000000e+000,-9.131337e-004
2.934463623355219e-003,1.000000e+000,-6.346906e-004
2.939346435855219e-003,1.000000e+000,-3.575682e-004
2.944229248355218e-003,1.000000e+000,-8.176621e-005
2.949112060855218e-003,1.000000e+000,1.927152e-004
2.959365967105218e-003,1.000000e+000,7.460265e-004
2.969619873355217e-003,1.000000e+000,1.268534e-003
2.979873779605217e-003,1.000000e+000,1.752261e-003
2.990127685855216e-003,1.000000e+000,2.190155e-003
3.000381592105216e-003,1.000000e+000,2.576182e-003
3.010635498355215e-003,1.000000e+000,2.905396e-003
3.020889404605215e-003,1.000000e+000,3.173986e-003
3.031143310855214e-003,1.000000e+000,3.379308e-003
3.041397217105214e-003,1.000000e+000,3.519892e-003
3.051651123355214e-003,1.000000e+000,3.595426e-003
3.061905029605213e-003,1.000000e+000,3.606727e-003
3.072158935855213e-003,1.000000e+000,3.555692e-003
3.082412842105212e-003,1.000000e+000,3.445222e-003
3.092666748355212e-003,1.000000e+000,3.279150e-003
3.100479248355211e-003,1.000000e+000,3.111122e-003
3.108291748355211e-003,1.000000e+000,2.922747e-003
3.116104248355210e-003,1.000000e+000,2.714025e-003
3.123916748355210e-003,1.000000e+000,2.484955e-003
3.131729248355210e-003,1.000000e+000,2.235539e-003
3.139541748355209e-003,1.000000e+000,1.965775e-003
3.147354248355209e-003,1.000000e+000,1.675664e-003
3.153213623355209e-003,1.000000e+000,1.453718e-003
3.159072998355209e-003,1.000000e+000,1.230928e-003
3.164932373355208e-003,1.000000e+000,1.007295e-003
3.170791748355208e-003,1.000000e+000,7.828181e-004
3.176651123355208e-003,1.000000e+000,5.574984e-004
3.182510498355207e-003,1.000000e+000,3.313354e-004
3.188369873355207e-003,1.000000e+000,1.043291e-004
3.194717529605207e-003,1.000000e+000,-1.372318e-004
3.201065185855207e-003,1.000000e+000,-3.697458e-004
3.207412842105206e-003,1.000000e+000,-5.932130e-004
3.213760498355206e-003,1.000000e+000,-8.076333e-004
3.220108154605206e-003,1.000000e+000,-1.013007e-003
3.226455810855206e-003,1.000000e+000,-1.209333e-003
3.232803467105205e-003,1.000000e+000,-1.396613e-003
3.243057373355205e-003,1.000000e+000,-1.666365e-003
3.253311279605204e-003,1.000000e+000,-1.898700e-003
3.263565185855204e-003,1.000000e+000,-2.090845e-003
3.273819092105203e-003,1.000000e+000,-2.240804e-003
3.284072998355203e-003,1.000000e+000,-2.347370e-003
3.294326904605202e-003,1.000000e+000,-2.410125e-003
3.304580810855202e-003,1.000000e+000,-2.429415e-003
3.313369873355201e-003,1.000000e+000,-2.407401e-003
3.322158935855201e-003,1.000000e+000,-2.359813e-003
3.330947998355201e-003,1.000000e+000,-2.286651e-003
3.339737060855200e-003,1.000000e+000,-2.187916e-003
3.348526123355199e-003,1.000000e+000,-2.063607e-003
3.357315185855199e-003,1.000000e+000,-1.913725e-003
3.366104248355199e-003,1.000000e+000,-1.738269e-003
3.372940185855199e-003,1.000000e+000,-1.590375e-003
3.379776123355198e-003,1.000000e+000,-1.436883e-003
3.386612060855198e-003,1.000000e+000,-1.277795e-003
3.393447998355198e-003,1.000000e+000,-1.113109e-003
3.400283935855197e-003,1.000000e+000,-9.428257e-004
3.407119873355197e-003,1.000000e+000,-7.669453e-004
3.413955810855197e-003,1.000000e+000,-5.854677e-004
3.417373779605196e-003,1.000000e+000,-4.961843e-004
3.424209717105196e-003,1.000000e+000,-3.147432e-004
3.431045654605196e-003,1.000000e+000,-1.378980e-004
3.437881592105195e-003,1.000000e+000,3.435100e-005
3.444717529605195e-003,1.000000e+000,2.020040e-004
3.451553467105195e-003,1.000000e+000,3.650609e-004
3.458389404605195e-003,1.000000e+000,5.235217e-004
3.465225342105194e-003,1.000000e+000,6.773865e-004
3.470192173813381e-003,1.000000e+000,7.824860e-004
3.475159005521567e-003,1.000000e+000,8.820379e-004
3.480125837229754e-003,1.000000e+000,9.760423e-004
3.485092668937940e-003,1.000000e+000,1.064499e-003
3.490059500646127e-003,1.000000e+000,1.147408e-003
3.495026332354313e-003,1.000000e+000,1.224770e-003
3.499993164062500e-003,1.000000e+000,1.296584e-003
3.499996582031250e-003,1.000000e+000,1.296630e-003
3.500000000000000e-003,1.000000e+000,1.296677e-003
